{
	"rust": {},
	"node": {
		"wdocs-search": {
			"indexing": 1993.5440999999992,
			"search": 0.4456000000354834
		},
		"flexsearch": {
			"indexing": 3441.128299999982,
			"search": 15.249500000034459
		},
		"lunr": {
			"indexing": 8638.635100000014,
			"search": 182.10989999998128
		}
	},
	"ripgrep": {
		"search": 367.0349999999744
	}
}
